{"loss": [0.06662708520889282, -0.0010089658899232745, -0.03578529506921768, -0.07819599658250809, -0.2359660416841507, -0.37404051423072815, -0.5441672205924988, -0.7871378064155579, -1.085961103439331, -1.5338547229766846], "accuracy": [0.337708055973053, 0.33777210116386414, 0.33777210116386414, 0.33777210116386414, 0.337708055973053, 0.3376760482788086, 0.33777210116386414, 0.33777210116386414, 0.3378041088581085, 0.33777210116386414], "val_loss": [-0.11793480813503265, -0.3133189380168915, -0.38809019327163696, -0.44429516792297363, -0.40834471583366394, -0.8142856359481812, -1.4720524549484253, -2.0519020557403564, -2.589531898498535, -3.56089186668396], "val_accuracy": [0.3420816659927368, 0.3420816659927368, 0.3420816659927368, 0.3420816659927368, 0.3420816659927368, 0.3420816659927368, 0.3420816659927368, 0.3420816659927368, 0.3420816659927368, 0.3420816659927368]}